"关卡","波次","职责","敌人数","初始生命","静态承伤量","出兵跨度秒","清波补给","波间秒"
"1","1","第 1 波 · 巡逻斥候","4","80","80","5.4","22","8"
"1","2","第 2 波 · 小队集结","10","220","220","4.5","26","8"
"1","3","第 3 波 · 前后段协防","24","496","496","4.14","30","6"
"1","4","第 4 波 · 防线检验","32","698","698","4.34","34","0"
"2","1","第 1 波 · 巡逻小队","6","120","120","4.5","25","3.5"
"2","2","第 2 波 · 巡逻小队","12","246","246","5.5","28","3.5"
"2","3","第 3 波 · 巡逻小队","24","534","534","4.14","31","3.5"
"2","4","第 4 波 · 防线检验","32","744","744","4.34","34","0"
"3","1","第 1 波 · 巡逻小队","8","164","164","6.3","25","3.5"
"3","2","第 2 波 · 巡逻小队","14","315","315","6.5","28","3.5"
"3","3","群袭小队 · 练习范围清场","24","537","537","4.14","31","3.5"
"3","4","群袭小队 · 练习范围清场","34","779","779","4.62","34","0"
"4","1","第 1 波 · 巡逻小队","8","170","170","6.3","25","3.5"
"4","2","第 2 波 · 巡逻小队","12","276","276","5.5","28","3.5"
"4","3","第 3 波 · 巡逻小队","16","364","364","4.5","31","3.5"
"4","4","第 4 波 · 巡逻小队","22","502","502","3.78","34","3.5"
"4","5","第 5 波 · 防线检验","28","694","694","3.78","37","0"
"5","1","第 1 波 · 巡逻小队","8","178","178","6.3","25","3.5"
"5","2","第 2 波 · 巡逻小队","12","288","288","5.5","28","3.5"
"5","3","第 3 波 · 巡逻小队","18","424","424","5.1","31","3.5"
"5","4","第 4 波 · 巡逻小队","24","572","572","4.14","34","3.5"
"5","5","小首领 · 裂殖先锋","28","865","865","7.26","37","0"
"6","1","第 1 波 · 试探","6","83","83","6.209","37","4"
"6","2","第 2 波 · 练习","8","104","104","8.387","40","6"
"6","3","第 3 波 · 加压","9","156","156","9.235","27","4"
"6","4","第 4 波 · 缓冲","11","116","116","13.884","42","6"
"6","5","第 5 波 · 加压","12","276","276","11.737","33","6"
"6","6","决胜波次","14","361","361","13.304","24","0"
"7","1","第 1 波 · 试探","7","141","141","6.663","37","4"
"7","2","第 2 波 · 练习","9","173","173","8.565","40","6"
"7","3","第 3 波 · 加压","10","244","279","9.278","27","4"
"7","4","第 4 波 · 缓冲","12","208","233","13.628","42","6"
"7","5","第 5 波 · 加压","13","492","592","11.417","33","6"
"7","6","决胜波次","15","698","816","12.763","24","0"
"8","1","第 1 波 · 试探","8","171","204","6.881","37","4"
"8","2","第 2 波 · 练习","9","232","267","7.578","40","6"
"8","3","第 3 波 · 加压","11","321","429","9.114","27","4"
"8","4","第 4 波 · 缓冲","13","281","313","13.133","42","6"
"8","5","第 5 波 · 加压","15","648","930","11.756","33","6"
"8","6","决胜波次","16","983","1089","12.058","24","0"
"9","1","第 1 波 · 试探","8","236","236","6.017","37","4"
"9","2","第 2 波 · 练习","10","277","353","7.449","40","6"
"9","3","第 3 波 · 加压","12","454","666.857","9.151","27","4"
"9","4","第 4 波 · 缓冲","14","385","459","13.367","42","6"
"9","5","第 5 波 · 加压","16","992","1607.857","11.71","33","6"
"9","6","决胜波次","18","1384","2077.905","12.599","24","0"
"10","1","第 1 波 · 试探","9","245","294","5.92","37","4"
"10","2","第 2 波 · 练习","11","391","441","7.12","40","6"
"10","3","第 3 波 · 加压","13","619","1150.714","9.918","27","4"
"10","4","第 4 波 · 缓冲","15","535","773.571","11.89","42","6"
"10","5","第 5 波 · 加压","17","1407","2823.857","13.816","33","6"
"10","6","小首领 · 重甲队长","15","1923","3282.105","7.35","24","0"
"11","1","第 1 波 · 试探","9","285","327","5.808","37","4"
"11","2","第 2 波 · 练习","11","409","503","6.98","40","6"
"11","3","第 3 波 · 加压","13","721","1017.905","8.375","27","4"
"11","4","第 4 波 · 缓冲","15","563","913.762","15.247","42","6"
"11","5","第 5 波 · 加压","17","1491","2641.714","10.745","33","6"
"11","6","决胜波次","19","2133","2859","10.841","24","0"
"12","1","第 1 波 · 试探","10","296","364","6.408","37","4"
"12","2","第 2 波 · 练习","12","469","469","7.524","40","6"
"12","3","第 3 波 · 加压","14","713","1444.905","11.48","27","4"
"12","4","第 4 波 · 缓冲","16","594","944.762","12.953","42","6"
"12","5","第 5 波 · 加压","18","1685","2281.429","10.5","33","6"
"12","6","决胜波次","20","2193","3816.429","12.87","24","0"
"13","1","第 1 波 · 试探","10","309","356","6.282","37","4"
"13","2","第 2 波 · 练习","12","455","501","7.37","40","6"
"13","3","第 3 波 · 加压","14","807","1319.167","9.309","27","4"
"13","4","第 4 波 · 缓冲","16","660","716.5","9.21","42","6"
"13","5","第 5 波 · 加压","18","1729","3147.012","9.61","33","4"
"13","6","第 6 波 · 缓冲","20","1458","1664","10.602","48","6"
"13","7","决胜波次","22","3129","5460.452","10.176","27","0"
"14","1","第 1 波 · 试探","10","284","318.5","6.156","37","4"
"14","2","第 2 波 · 练习","12","438","536","7.216","40","6"
"14","3","第 3 波 · 加压","14","834","1149.726","9.678","27","4"
"14","4","第 4 波 · 缓冲","16","763","1180.048","10.5","42","6"
"14","5","第 5 波 · 加压","18","1944","2156.5","10.179","33","4"
"14","6","第 6 波 · 缓冲","20","1601","2364.071","12.512","48","6"
"14","7","决胜波次","22","3196","4965.821","11.688","27","0"
"15","1","第 1 波 · 试探","10","300","386","6.03","37","4"
"15","2","第 2 波 · 练习","12","431","496.5","7.062","70","6"
"15","3","第 3 波 · 加压","14","1010","1622.75","10.103","27","4"
"15","4","第 4 波 · 缓冲","16","898","947.5","8.79","72","6"
"15","5","第 5 波 · 加压","18","2282","3937.952","8.928","33","4"
"15","6","第 6 波 · 缓冲","20","1892","2149","10.865","15","6"
"15","7","小首领 · 菌甲督军","18","4605","4727","6.372","0","0"
"16","1","第 1 波 · 试探","10","326","373","5.904","37","4"
"16","2","第 2 波 · 练习","12","488","588","6.908","40","6"
"16","3","第 3 波 · 加压","14","952","1319.012","8.1","27","4"
"16","4","第 4 波 · 缓冲","16","832","1312.571","10.296","42","6"
"16","5","第 5 波 · 加压","18","1990","2168.5","8.598","33","4"
"16","6","第 6 波 · 缓冲","20","1750","2319.512","9.804","48","6"
"16","7","决胜波次","22","3709","6183.214","10.374","27","0"
"17","1","第 1 波 · 试探","10","340","424","5.778","37","4"
"17","2","第 2 波 · 练习","12","454","491","6.754","40","6"
"17","3","第 3 波 · 加压","14","973","1608","9.083","27","4"
"17","4","第 4 波 · 缓冲","16","858","1346.857","8.928","42","6"
"17","5","第 5 波 · 加压","18","2218","2451","7.208","33","4"
"17","6","第 6 波 · 缓冲","20","1901","2218.75","10.793","48","6"
"17","7","决胜波次","22","3746","4505.238","8.153","27","0"
"18","1","第 1 波 · 试探","10","314","344","5.652","37","4"
"18","2","第 2 波 · 练习","12","477","520","6.6","40","6"
"18","3","第 3 波 · 加压","14","956","1427.536","9.208","27","4"
"18","4","第 4 波 · 缓冲","16","875","918.25","8.16","42","6"
"18","5","第 5 波 · 加压","18","2316","4086.571","8.05","33","4"
"18","6","第 6 波 · 缓冲","20","2077","2804.381","9.516","48","6"
"18","7","决胜波次","22","3968","6072","10.216","27","0"
"19","1","第 1 波 · 试探","10","330","363.5","5.526","37","4"
"19","2","第 2 波 · 练习","12","500","596","6.446","40","6"
"19","3","第 3 波 · 加压","14","1083","1135.75","7.254","27","4"
"19","4","第 4 波 · 缓冲","16","942","1257.19","9.01","42","6"
"19","5","第 5 波 · 加压","18","2395","3041.476","7.028","33","4"
"19","6","第 6 波 · 缓冲","20","2043","3066.369","10.902","48","6"
"19","7","决胜波次","22","4174","6084.179","8.028","27","0"
"20","1","第 1 波 · 试探","10","320","376.25","5.4","37","4"
"20","2","第 2 波 · 练习","12","473","498.25","6.292","40","6"
"20","3","第 3 波 · 加压","14","938","1515.381","8.816","27","4"
"20","4","第 4 波 · 缓冲","16","863","1215.714","7.998","42","4"
"20","5","第 5 波 · 练习","18","1953","2859.524","9.008","33","6"
"20","6","第 6 波 · 加压","20","2643","3855.286","7.36","36","4"
"20","7","第 7 波 · 缓冲","22","2393","3095.298","9.288","51","6"
"20","8","章节首领","25","4021","7031.272","19.565","30","0"
"21","1","第 1 波 · 试探","10","383","447","5.4","37","4"
"21","2","第 2 波 · 练习","12","548","652","6.292","40","6"
"21","3","第 3 波 · 加压","14","865","1103.024","7.344","27","4"
"21","4","第 4 波 · 缓冲","16","850","1253.238","9.288","42","4"
"21","5","第 5 波 · 练习","19","1999","3244.25","7.613","33","6"
"21","6","第 6 波 · 加压","21","2693","3886.798","7.728","36","4"
"21","7","第 7 波 · 缓冲","23","2361","2951.952","10.8","51","6"
"21","8","决胜波次","25","4031","4990.69","9.118","30","0"
"22","1","第 1 波 · 试探","10","385","441","5.4","37","4"
"22","2","第 2 波 · 练习","12","491","550.25","6.292","40","6"
"22","3","第 3 波 · 加压","14","961","1457.69","8.432","27","4"
"22","4","第 4 波 · 缓冲","16","808","886","8.514","42","4"
"22","5","第 5 波 · 练习","19","2032","2934.5","7.418","33","6"
"22","6","第 6 波 · 加压","21","2631","3891.452","10.68","36","4"
"22","7","第 7 波 · 缓冲","23","2326","2621","9.72","51","6"
"22","8","决胜波次","25","4358","7033.286","9.373","30","0"
"23","1","第 1 波 · 试探","10","362","407.5","5.4","37","4"
"23","2","第 2 波 · 练习","12","552","648","6.292","40","6"
"23","3","第 3 波 · 加压","14","961","1322.119","7.616","27","4"
"23","4","第 4 波 · 缓冲","16","821","1043.464","7.998","42","4"
"23","5","第 5 波 · 练习","19","2032","3194.107","10.403","33","6"
"23","6","第 6 波 · 加压","21","2661","3322.857","8.744","36","4"
"23","7","第 7 波 · 缓冲","23","2382","2881.429","11.232","51","6"
"23","8","决胜波次","25","4355","6484.714","9.603","30","0"
"24","1","第 1 波 · 试探","11","405","442","6","37","4"
"24","2","第 2 波 · 练习","13","553","639","6.864","40","6"
"24","3","第 3 波 · 加压","15","1010","1354.19","7.888","27","4"
"24","4","第 4 波 · 缓冲","17","871","1085.56","9.546","42","4"
"24","5","第 5 波 · 练习","20","2054","2562.429","8.813","33","6"
"24","6","第 6 波 · 加压","22","2945","4955.952","9.384","36","4"
"24","7","第 7 波 · 缓冲","24","2465","3311.238","11.232","51","6"
"24","8","决胜波次","26","4627","6265.571","8.403","30","0"
"25","1","第 1 波 · 试探","11","438","518","6","37","4"
"25","2","第 2 波 · 练习","13","564","635.75","6.864","40","6"
"25","3","第 3 波 · 加压","15","992","1511.548","10.832","27","4"
"25","4","第 4 波 · 缓冲","17","920","1015.5","8.514","42","4"
"25","5","第 5 波 · 练习","20","2234","3388.286","8.784","33","6"
"25","6","第 6 波 · 加压","22","2985","4541.357","8.832","36","4"
"25","7","第 7 波 · 缓冲","24","2499","3070.143","10.368","51","6"
"25","8","小首领 · 霜原追猎长","22","4887","7426.69","9.614","30","0"
"26","1","第 1 波 · 试探","11","376","427.75","6","37","4"
"26","2","第 2 波 · 练习","13","525","607","6.864","40","6"
"26","3","第 3 波 · 加压","15","896","1155.929","9.088","27","4"
"26","4","第 4 波 · 缓冲","17","867","1239.857","10.062","42","4"
"26","5","第 5 波 · 练习","20","1971","3042.929","9.203","33","6"
"26","6","第 6 波 · 加压","22","2742","3842.714","8.096","36","4"
"26","7","第 7 波 · 缓冲","24","2325","3064.476","11.232","51","6"
"26","8","决胜波次","26","4286","5756.548","9.442","30","0"
"27","1","第 1 波 · 试探","11","403","456.25","6","37","4"
"27","2","第 2 波 · 练习","13","521","582","6.864","40","6"
"27","3","第 3 波 · 加压","15","1007","1498.333","8.976","27","4"
"27","4","第 4 波 · 缓冲","17","848","924.75","9.03","42","4"
"27","5","第 5 波 · 练习","20","2151","3066.298","7.808","33","6"
"27","6","第 6 波 · 加压","22","2787","4058.476","11.048","36","4"
"27","7","第 7 波 · 缓冲","24","2480","2784.75","10.152","51","6"
"27","8","决胜波次","26","4625","7365.524","9.858","30","0"
"28","1","第 1 波 · 试探","11","390","435.25","6","37","4"
"28","2","第 2 波 · 练习","13","588","684","6.864","40","6"
"28","3","第 3 波 · 加压","15","959","1431.429","10.56","27","4"
"28","4","第 4 波 · 缓冲","17","886","1137.238","8.514","42","4"
"28","5","第 5 波 · 练习","20","2079","3231.036","11.798","33","6"
"28","6","第 6 波 · 加压","22","2797","3497.143","10.312","36","4"
"28","7","第 7 波 · 缓冲","24","2525","2701.25","11.664","51","6"
"28","8","决胜波次","26","4587","6755.607","10.088","30","0"
"29","1","第 1 波 · 试探","11","428","467.5","6","37","4"
"29","2","第 2 波 · 练习","13","570","656","6.864","70","6"
"29","3","第 3 波 · 加压","15","1040","1391.917","9.088","27","4"
"29","4","第 4 波 · 缓冲","17","929","1186.762","9.03","72","4"
"29","5","第 5 波 · 练习","20","2166","2761.25","10.013","33","6"
"29","6","第 6 波 · 加压","22","3082","4902.714","9.384","36","4"
"29","7","第 7 波 · 缓冲","24","2580","2913","10.584","21","6"
"29","8","决胜波次","26","4949","6824.357","8.242","0","0"
"30","1","第 1 波 · 试探","11","471","559","6","37","4"
"30","2","第 2 波 · 练习","13","600","676.25","6.864","70","6"
"30","3","第 3 波 · 加压","15","1103","1804.107","9.904","27","4"
"30","4","第 4 波 · 缓冲","17","978","1079.5","8.256","72","4"
"30","5","第 5 波 · 练习","20","2337","3293.036","8.784","33","6"
"30","6","第 6 波 · 加压","22","3115","4704.214","9.48","36","4"
"30","7","第 7 波 · 缓冲","24","2647","3251.119","10.152","21","6"
"30","8","小首领 · 晶盾执旗官","22","5308","7503.286","10.814","0","0"
"31","1","第 1 波 · 试探","11","397","451.75","6","37","4"
"31","2","第 2 波 · 练习","13","520","600","6.864","40","6"
"31","3","第 3 波 · 加压","15","811","934.5","10.016","27","4"
"31","4","第 4 波 · 缓冲","17","817","1026.667","10.062","42","4"
"31","5","第 5 波 · 练习","20","1701","2474.738","11.603","33","6"
"31","6","第 6 波 · 加压","22","2408","3114.226","7.912","36","4"
"31","7","第 7 波 · 缓冲","24","2044","2734.143","11.232","51","6"
"31","8","第 8 波 · 加压","26","3737","4937.333","8.403","42","6"
"31","9","决胜波次","28","4630","6898.667","10.675","33","0"
"32","1","第 1 波 · 试探","11","429","505","6","37","4"
"32","2","第 2 波 · 练习","13","522","583","6.864","40","6"
"32","3","第 3 波 · 加压","15","952","1383.952","8.976","27","4"
"32","4","第 4 波 · 缓冲","17","799","869.25","8.772","42","4"
"32","5","第 5 波 · 练习","20","1921","2517.69","7.613","33","6"
"32","6","第 6 波 · 加压","22","2467","3801.536","11.048","36","4"
"32","7","第 7 波 · 缓冲","24","2201","2749.321","10.368","51","6"
"32","8","第 8 波 · 加压","26","3988","6036.119","10.896","42","6"
"32","9","决胜波次","28","4720","7170.94","12.474","33","0"
"33","1","第 1 波 · 试探","11","410","458.25","6","37","4"
"33","2","第 2 波 · 练习","13","591","663","6.864","40","6"
"33","3","第 3 波 · 加压","15","922","1464.357","10.832","27","4"
"33","4","第 4 波 · 缓冲","17","834","1079.095","8.514","42","4"
"33","5","第 5 波 · 练习","20","1845","2868.643","11.798","33","6"
"33","6","第 6 波 · 加压","22","2528","3430.25","8.096","36","4"
"33","7","第 7 波 · 缓冲","24","2253","2710.286","11.664","51","6"
"33","8","第 8 波 · 加压","26","3992","5812.571","8.888","42","6"
"33","9","决胜波次","28","5029","6378.595","10.672","33","0"
"34","1","第 1 波 · 试探","11","454","495.5","6","37","4"
"34","2","第 2 波 · 练习","13","570","656","6.864","40","6"
"34","3","第 3 波 · 加压","15","961","1272.298","10.288","27","4"
"34","4","第 4 波 · 缓冲","17","887","1137.238","9.03","42","4"
"34","5","第 5 波 · 练习","20","1935","2379.25","9.818","33","6"
"34","6","第 6 波 · 加压","22","2609","3996.238","11.784","36","4"
"34","7","第 7 波 · 缓冲","24","2206","2434.25","10.584","51","6"
"34","8","第 8 波 · 加压","26","4223","5262.976","9.442","42","6"
"34","9","决胜波次","28","5034","8057.429","12.474","33","0"
"35","1","第 1 波 · 试探","11","492","584","6","37","4"
"35","2","第 2 波 · 练习","13","622","678","6.864","40","6"
"35","3","第 3 波 · 加压","15","1043","1707.607","9.904","27","4"
"35","4","第 4 波 · 缓冲","17","927","1023.75","8.256","42","4"
"35","5","第 5 波 · 练习","20","2072","3050.786","9.984","33","6"
"35","6","第 6 波 · 加压","22","2668","3539.881","10.68","36","4"
"35","7","第 7 波 · 缓冲","24","2343","2878.155","10.152","51","6"
"35","8","第 8 波 · 加压","26","4347","6579.25","11.288","42","6"
"35","9","小首领 · 电磁监察官","24","5395","7084.667","8.267","33","0"
"36","1","第 1 波 · 试探","11","432","475","6","37","4"
"36","2","第 2 波 · 练习","13","550","634","6.864","40","6"
"36","3","第 3 波 · 加压","15","895","976.25","8.816","27","4"
"36","4","第 4 波 · 缓冲","17","867","1239.857","9.804","42","4"
"36","5","第 5 波 · 练习","20","1861","2678.464","8.003","33","6"
"36","6","第 6 波 · 加压","22","2548","3184.845","9.112","36","4"
"36","7","第 7 波 · 缓冲","24","2177","2920.095","11.016","51","6"
"36","8","第 8 波 · 加压","26","3947","5297.548","9.442","42","6"
"36","9","决胜波次","28","4902","7567.571","10.826","33","0"
"37","1","第 1 波 · 试探","11","450","530","6","37","4"
"37","2","第 2 波 · 练习","13","555","579.25","6.864","40","6"
"37","3","第 3 波 · 加压","15","983","1414.952","9.904","27","4"
"37","4","第 4 波 · 缓冲","17","834","907.5","8.514","42","4"
"37","5","第 5 波 · 练习","20","2027","2564.036","8.813","33","6"
"37","6","第 6 波 · 加压","22","2619","4265.095","11.048","36","4"
"37","7","第 7 波 · 缓冲","24","2327","2966.333","10.152","51","6"
"37","8","第 8 波 · 加压","26","4224","6635.607","9.858","42","6"
"37","9","决胜波次","28","4904","7399.083","12.474","33","0"
"38","1","第 1 波 · 试探","11","435","454","6","37","4"
"38","2","第 2 波 · 练习","13","622","724","6.864","40","6"
"38","3","第 3 波 · 加压","15","977","1420.929","9.632","27","4"
"38","4","第 4 波 · 缓冲","17","884","1143.143","8.514","42","4"
"38","5","第 5 波 · 练习","20","1962","3166.238","11.798","33","6"
"38","6","第 6 波 · 加压","22","2613","3292.214","9.112","36","4"
"38","7","第 7 波 · 缓冲","24","2391","2882.024","11.88","51","6"
"38","8","第 8 波 · 加压","26","4194","6143.357","12.165","42","6"
"38","9","决胜波次","28","5181","6443.19","10.672","33","0"
"39","1","第 1 波 · 试探","11","475","518.5","6","37","4"
"39","2","第 2 波 · 练习","13","591","656.75","6.864","40","6"
"39","3","第 3 波 · 加压","15","1070","1416.19","9.088","27","4"
"39","4","第 4 波 · 缓冲","17","924","1036","9.03","42","4"
"39","5","第 5 波 · 练习","20","2053","2626.071","8.813","33","6"
"39","6","第 6 波 · 加压","22","2872","4737.536","9.384","36","4"
"39","7","第 7 波 · 缓冲","24","2319","2557","10.584","51","6"
"39","8","第 8 波 · 加压","26","4391","5517.5","10.642","42","6"
"39","9","决胜波次","28","5338","8490.429","11.274","33","0"
"40","1","第 1 波 · 试探","11","507","576","6","37","4"
"40","2","第 2 波 · 练习","13","648","760","6.864","40","6"
"40","3","第 3 波 · 加压","15","1090","1805.714","11.104","27","4"
"40","4","第 4 波 · 缓冲","17","1002","1320.095","8.514","42","4"
"40","5","第 5 波 · 练习","20","2232","3537.429","8.784","33","6"
"40","6","第 6 波 · 加压","22","2811","3718.69","11.88","36","4"
"40","7","第 7 波 · 缓冲","24","2469","3032.869","10.152","51","6"
"40","8","第 8 波 · 加压","26","4642","7076.429","10.088","42","6"
"40","9","章节首领","29","5455","7445.984","11.272","33","0"
"41","1","第 1 波 · 试探","11","406","467","6","37","4"
"41","2","第 2 波 · 练习","13","564","688","6.864","40","6"
"41","3","第 3 波 · 加压","16","1036","1301.21","8.432","27","4"
"41","4","第 4 波 · 缓冲","18","894","1011.902","9.804","42","4"
"41","5","第 5 波 · 练习","21","2060","3176.642","10.794","33","6"
"41","6","第 6 波 · 加压","23","2941","3638.84","8.28","36","4"
"41","7","第 7 波 · 缓冲","25","2502","3592.252","11.232","51","6"
"41","8","第 8 波 · 加压","27","4479","5804.832","8.726","42","6"
"41","9","决胜波次","29","5599","9591.276","9.776","33","0"
"42","1","第 1 波 · 试探","11","449","570.024","6","37","4"
"42","2","第 2 波 · 练习","13","549","629.829","6.864","40","6"
"42","3","第 3 波 · 加压","16","1116","1664.468","9.248","27","4"
"42","4","第 4 波 · 缓冲","18","955","1355.985","9.546","42","4"
"42","5","第 5 波 · 练习","21","2317","2904.43","8.003","33","6"
"42","6","第 6 波 · 加压","23","2975","4581.972","11.416","36","4"
"42","7","第 7 波 · 缓冲","25","2586","3549.675","10.8","51","6"
"42","8","第 8 波 · 加压","27","4801","7240.046","9.696","42","6"
"42","9","决胜波次","29","5691","8046.002","11.274","33","0"
"43","1","第 1 波 · 试探","11","420","482.561","6","37","4"
"43","2","第 2 波 · 练习","13","593","731.366","6.864","40","6"
"43","3","第 3 波 · 加压","16","1067","1584.579","10.832","27","4"
"43","4","第 4 波 · 缓冲","18","962","1228.74","9.03","42","4"
"43","5","第 5 波 · 练习","21","2270","3463.744","12.189","33","6"
"43","6","第 6 波 · 加压","23","3031","4050.157","8.28","36","4"
"43","7","第 7 波 · 缓冲","25","2615","3331.455","11.664","51","6"
"43","8","第 8 波 · 加压","27","4959","7474.9","9.211","42","6"
"43","9","决胜波次","29","6120","7585.895","9.773","33","0"
"44","1","第 1 波 · 试探","11","465","562.573","6","37","4"
"44","2","第 2 波 · 练习","13","608","764.39","6.864","40","6"
"44","3","第 3 波 · 加压","16","1191","1547.614","8.432","27","4"
"44","4","第 4 波 · 缓冲","18","1021","1268.756","9.546","42","4"
"44","5","第 5 波 · 练习","21","2391","2940.539","8.003","33","6"
"44","6","第 6 波 · 加压","23","3208","4995.539","9.568","36","4"
"44","7","第 7 波 · 缓冲","25","2702","3694.292","11.448","51","6"
"44","8","第 8 波 · 加压","27","5199","6478.04","9.765","42","6"
"44","9","决胜波次","29","6326","9882.641","11.574","33","0"
"45","1","第 1 波 · 试探","11","484","619.805","6","37","4"
"45","2","第 2 波 · 练习","13","647","736.024","6.864","40","6"
"45","3","第 3 波 · 加压","16","1227","1923.365","10.72","27","4"
"45","4","第 4 波 · 缓冲","18","1069","1400.09","9.03","42","4"
"45","5","第 5 波 · 练习","21","2567","4009.77","8.979","33","6"
"45","6","第 6 波 · 加压","23","3389","4844.213","8.648","36","4"
"45","7","第 7 波 · 缓冲","25","2825","3460.859","10.584","51","6"
"45","8","第 8 波 · 加压","27","5406","7925.167","11.611","42","6"
"45","9","小首领 · 裂殖先锋","25","6612","8517.011","7.368","33","0"
"46","1","第 1 波 · 试探","11","443","509.463","6","37","4"
"46","2","第 2 波 · 练习","13","585","737.78","6.864","40","6"
"46","3","第 3 波 · 加压","16","1086","1370.815","8.432","27","4"
"46","4","第 4 波 · 缓冲","18","961","1246.967","9.804","42","4"
"46","5","第 5 波 · 练习","21","2222","3311.338","9.594","33","6"
"46","6","第 6 波 · 加压","23","3048","3879.85","9.48","36","4"
"46","7","第 7 波 · 缓冲","25","2616","3550.05","11.448","51","6"
"46","8","第 8 波 · 加压","27","4754","6263.666","9.926","42","6"
"46","9","决胜波次","29","5969","9165.858","9.776","33","0"
"47","1","第 1 波 · 试探","11","474","600.976","6","37","4"
"47","2","第 2 波 · 练习","13","582","669.085","6.864","40","6"
"47","3","第 3 波 · 加压","16","1186","1765.865","9.52","27","4"
"47","4","第 4 波 · 缓冲","18","1006","1312.483","9.546","42","4"
"47","5","第 5 波 · 练习","21","2419","3109.669","9.203","33","6"
"47","6","第 6 波 · 加压","23","3202","5082.216","10.216","36","4"
"47","7","第 7 波 · 缓冲","25","2762","3498.941","10.584","51","6"
"47","8","第 8 波 · 加压","27","5118","7717.644","9.696","42","6"
"47","9","决胜波次","29","6069","9044.226","11.424","33","0"
"48","1","第 1 波 · 试探","11","465","565.634","6","37","4"
"48","2","第 2 波 · 练习","13","632","796.683","6.864","40","6"
"48","3","第 3 波 · 加压","16","1178","1772.39","9.248","27","4"
"48","4","第 4 波 · 缓冲","18","1020","1309.01","9.546","42","4"
"48","5","第 5 波 · 练习","21","2358","3667.744","11.379","33","6"
"48","6","第 6 波 · 加压","23","3150","3925.219","9.848","36","4"
"48","7","第 7 波 · 缓冲","25","2778","3538.729","11.88","51","6"
"48","8","第 8 波 · 加压","27","5239","7277.605","9.211","42","6"
"48","9","决胜波次","29","6181","8145.738","10.074","33","0"
"49","1","第 1 波 · 试探","11","487","602.244","6","37","4"
"49","2","第 2 波 · 练习","13","644","810.195","6.864","40","6"
"49","3","第 3 波 · 加压","16","1269","1642.01","8.432","27","4"
"49","4","第 4 波 · 缓冲","18","1075","1318.25","9.546","42","4"
"49","5","第 5 波 · 练习","21","2228","2703.074","10.179","33","6"
"49","6","第 6 波 · 加压","23","3336","5153.583","9.568","36","4"
"49","7","第 7 波 · 缓冲","25","2916","4143.293","11.664","51","6"
"49","8","第 8 波 · 加压","27","5190","6355.134","10.088","42","6"
"49","9","决胜波次","29","6623","10306.829","11.875","33","0"
"50","1","第 1 波 · 试探","11","513","658.756","6","37","4"
"50","2","第 2 波 · 练习","13","662","767.104","6.864","40","6"
"50","3","第 3 波 · 加压","16","1269","1914.526","10.72","27","4"
"50","4","第 4 波 · 缓冲","18","1149","1514.583","9.804","42","4"
"50","5","第 5 波 · 练习","21","2677","4119.62","8.979","33","6"
"50","6","第 6 波 · 加压","23","3415","4765.127","9.2","36","4"
"50","7","第 7 波 · 缓冲","25","2995","3665.068","11.016","51","6"
"50","8","第 8 波 · 加压","27","5638","8229.324","11.934","42","6"
"50","9","小首领 · 重甲队长","25","6393","9233.326","8.12","33","0"
"51","1","第 1 波 · 试探","11","452","529.951","6","37","4"
"51","2","第 2 波 · 练习","13","585","721.61","6.864","40","6"
"51","3","第 3 波 · 加压","16","961","1081.691","10.176","27","4"
"51","4","第 4 波 · 缓冲","18","920","1103.268","10.062","42","4"
"51","5","第 5 波 · 练习","21","2004","2829.13","8.979","33","6"
"51","6","第 6 波 · 加压","23","2595","3234.436","9.664","36","4"
"51","7","第 7 波 · 缓冲","25","2375","3243.411","11.664","51","6"
"51","8","第 8 波 · 加压","27","3947","5000.431","9.534","42","4"
"51","9","第 9 波 · 练习","29","5245","8003.028","9.776","45","6"
"51","10","决胜波次","31","5974","8784.709","11.866","36","0"
"52","1","第 1 波 · 试探","11","489","606.299","6","37","4"
"52","2","第 2 波 · 练习","13","582","694.78","6.864","40","6"
"52","3","第 3 波 · 加压","16","1123","1777.638","9.792","27","4"
"52","4","第 4 波 · 缓冲","18","959","1146.549","9.804","42","4"
"52","5","第 5 波 · 练习","21","2130","2704.166","9.398","33","6"
"52","6","第 6 波 · 加压","23","2851","4502.134","10.4","36","4"
"52","7","第 7 波 · 缓冲","25","2494","3406.395","11.88","51","6"
"52","8","第 8 波 · 加压","27","4511","6716.95","9.696","42","4"
"52","9","第 9 波 · 练习","29","5207","7815.983","12.026","45","6"
"52","10","决胜波次","31","6430","7635.451","8.77","36","0"
"53","1","第 1 波 · 试探","11","477","576.707","6","37","4"
"53","2","第 2 波 · 练习","13","631","794.366","6.864","40","6"
"53","3","第 3 波 · 加压","16","1117","1637.509","9.248","27","4"
"53","4","第 4 波 · 缓冲","18","970","1247.548","9.288","42","4"
"53","5","第 5 波 · 练习","21","2213","3465.338","11.184","33","6"
"53","6","第 6 波 · 加压","23","2703","3470.543","9.2","36","4"
"53","7","第 7 波 · 缓冲","25","2515","3022.311","11.664","51","6"
"53","8","第 8 波 · 加压","27","4345","5960.223","10.896","42","4"
"53","9","第 9 波 · 练习","29","5566","6671.9","8.723","45","6"
"53","10","决胜波次","31","6678","10019.796","12.005","36","0"
"54","1","第 1 波 · 试探","11","507","607.866","6","37","4"
"54","2","第 2 波 · 练习","13","648","817.073","6.864","40","6"
"54","3","第 3 波 · 加压","16","1113","1465.996","9.904","27","4"
"54","4","第 4 波 · 缓冲","18","1043","1295.976","9.546","42","4"
"54","5","第 5 波 · 练习","21","2087","2493.987","8.979","33","6"
"54","6","第 6 波 · 加压","23","3007","4462.331","9.568","36","4"
"54","7","第 7 波 · 缓冲","25","2623","3557.105","11.664","51","6"
"54","8","第 8 波 · 加压","27","4852","5875.874","8.726","42","4"
"54","9","第 9 波 · 练习","29","5827","8666.017","11.875","45","6"
"54","10","决胜波次","31","6171","7687.063","10.944","36","0"
"55","1","第 1 波 · 试探","11","538","690.39","6","37","4"
"55","2","第 2 波 · 练习","13","677","809","6.864","40","6"
"55","3","第 3 波 · 加压","16","1246","1947.855","10.72","27","4"
"55","4","第 4 波 · 缓冲","18","1079","1415.229","9.804","42","4"
"55","5","第 5 波 · 练习","21","2435","3598.159","8.979","33","6"
"55","6","第 6 波 · 加压","23","3034","4285.566","10.4","36","4"
"55","7","第 7 波 · 缓冲","25","2713","3324.52","10.8","51","6"
"55","8","第 8 波 · 加压","27","4967","7126.685","11.934","42","4"
"55","9","第 9 波 · 练习","29","5417","6748.071","10.826","45","6"
"55","10","小首领 · 菌甲督军","27","7445","10317.21","8.267","36","0"
"56","1","第 1 波 · 试探","11","475","577","6","37","4"
"56","2","第 2 波 · 练习","13","626","788.634","6.864","40","6"
"56","3","第 3 波 · 加压","16","1084","1359.609","8.976","27","4"
"56","4","第 4 波 · 缓冲","18","972","1172.024","9.804","42","4"
"56","5","第 5 波 · 练习","21","2063","2949.673","10.179","33","6"
"56","6","第 6 波 · 加压","23","2872","3533.642","8.464","36","4"
"56","7","第 7 波 · 缓冲","25","2511","3413.436","11.664","51","6"
"56","8","第 8 波 · 加压","27","4065","4868.375","10.734","42","4"
"56","9","第 9 波 · 练习","29","5550","8479.934","9.926","45","6"
"56","10","决胜波次","31","6409","9551.753","9.605","36","0"
"57","1","第 1 波 · 试探","11","517","657.878","6","37","4"
"57","2","第 2 波 · 练习","13","615","740.854","6.864","40","6"
"57","3","第 3 波 · 加压","16","1177","1723.498","9.52","27","4"
"57","4","第 4 波 · 缓冲","18","998","1186.878","9.804","42","4"
"57","5","第 5 波 · 练习","21","2308","2862.56","8.198","33","6"
"57","6","第 6 波 · 加压","23","3027","4734.739","10.4","36","4"
"57","7","第 7 波 · 缓冲","25","2637","3345.525","11.88","51","6"
"57","8","第 8 波 · 加压","27","4769","7105.109","9.858","42","4"
"57","9","第 9 波 · 练习","29","5552","8567.517","10.976","45","6"
"57","10","决胜波次","31","6814","8299.109","9.83","36","0"
"58","1","第 1 波 · 试探","11","508","617.707","6","37","4"
"58","2","第 2 波 · 练习","13","665","820.159","6.864","40","6"
"58","3","第 3 波 · 加压","16","1146","1607.872","10.176","27","4"
"58","4","第 4 波 · 缓冲","18","1026","1315.897","9.288","42","4"
"58","5","第 5 波 · 练习","21","2333","3654.353","11.184","33","6"
"58","6","第 6 波 · 加压","23","2747","3326.612","10.4","36","4"
"58","7","第 7 波 · 缓冲","25","2664","3393.5","11.664","51","6"
"58","8","第 8 波 · 加压","27","4627","6544.118","9.858","42","4"
"58","9","第 9 波 · 练习","29","5881","7245.795","9.923","45","6"
"58","10","决胜波次","31","7135","10812.095","11.866","36","0"
"59","1","第 1 波 · 试探","11","538","651.427","6","37","4"
"59","2","第 2 波 · 练习","13","677","850.634","6.864","40","6"
"59","3","第 3 波 · 加压","16","1240","1577.702","8.704","27","4"
"59","4","第 4 波 · 缓冲","18","1096","1363.951","9.804","42","4"
"59","5","第 5 波 · 练习","21","2154","2614.519","10.179","33","6"
"59","6","第 6 波 · 加压","23","3200","4905.936","9.568","36","4"
"59","7","第 7 波 · 缓冲","25","2778","3745.972","11.88","51","6"
"59","8","第 8 波 · 加压","27","5002","6198.488","9.926","42","4"
"59","9","第 9 波 · 练习","29","6187","9317.023","12.925","45","6"
"59","10","决胜波次","31","6593","7715.184","9.605","36","0"
"60","1","第 1 波 · 试探","11","564","719.707","6","37","4"
"60","2","第 2 波 · 练习","13","724","822.976","6.864","40","6"
"60","3","第 3 波 · 加压","16","1297","2099.691","10.992","27","4"
"60","4","第 4 波 · 缓冲","18","1132","1500.421","9.804","42","4"
"60","5","第 5 波 · 练习","21","2582","3967.672","8.979","33","6"
"60","6","第 6 波 · 加压","23","3248","4757.53","9.2","36","4"
"60","7","第 7 波 · 缓冲","25","2821","3474.46","10.8","51","6"
"60","8","第 8 波 · 加压","27","5300","7788.653","12.973","42","4"
"60","9","第 9 波 · 练习","29","5802","6776.103","9.475","45","6"
"60","10","章节首领","32","7438","11181.765","11.405","36","0"
"61","1","第 1 波 · 试探","11","433","473","6","37","4"
"61","2","第 2 波 · 练习","13","539","619","6.864","40","6"
"61","3","第 3 波 · 加压","16","813","887.333","11.104","27","4"
"61","4","第 4 波 · 缓冲","19","789","897.634","10.32","42","4"
"61","5","第 5 波 · 练习","22","1685","1927","11.798","33","6"
"61","6","第 6 波 · 加压","24","2470","2585","8.464","36","4"
"61","7","第 7 波 · 缓冲","26","2038","2709.571","11.88","51","6"
"61","8","第 8 波 · 加压","28","3532","3846.444","9.373","42","4"
"61","9","第 9 波 · 练习","30","4681","7167.153","13.376","45","6"
"61","10","决胜波次","32","5364","5916","8.63","36","0"
"62","1","第 1 波 · 试探","11","446","522","6","37","4"
"62","2","第 2 波 · 练习","13","548","626","6.864","40","6"
"62","3","第 3 波 · 加压","16","988","1578.594","9.248","27","4"
"62","4","第 4 波 · 缓冲","19","800","884","9.288","42","4"
"62","5","第 5 波 · 练习","22","1988","2090","8.198","33","6"
"62","6","第 6 波 · 加压","24","2447","3898.143","12.8","36","4"
"62","7","第 7 波 · 缓冲","26","2244","2466","11.664","51","6"
"62","8","第 8 波 · 加压","28","4019","5984.799","13.296","42","4"
"62","9","第 9 波 · 练习","30","4625","5363","12.323","45","6"
"62","10","决胜波次","32","5894","6499","12.23","36","0"
"63","1","第 1 波 · 试探","11","456","530","6","37","4"
"63","2","第 2 波 · 练习","13","626","769.024","6.864","40","6"
"63","3","第 3 波 · 加压","16","974","1186","9.36","27","4"
"63","4","第 4 波 · 缓冲","19","863","917","9.288","42","4"
"63","5","第 5 波 · 练习","22","1977","3165.81","12.579","33","6"
"63","6","第 6 波 · 加压","24","2400","2635","10.216","36","4"
"63","7","第 7 波 · 缓冲","26","2303","2844.782","11.88","51","6"
"63","8","第 8 波 · 加压","28","4139","4532","12.326","42","4"
"63","9","第 9 波 · 练习","30","5272","5864","9.923","45","6"
"63","10","决胜波次","32","6108","9501.429","13.066","36","0"
"64","1","第 1 波 · 试探","11","469","536.122","6","37","4"
"64","2","第 2 波 · 练习","13","578","652","6.864","40","6"
"64","3","第 3 波 · 加压","16","992","1051","9.36","27","4"
"64","4","第 4 波 · 缓冲","19","880","990","9.804","42","4"
"64","5","第 5 波 · 练习","22","1816","2008.556","10.179","33","6"
"64","6","第 6 波 · 加压","24","2693","3979.084","9.568","36","4"
"64","7","第 7 波 · 缓冲","26","2297","2600","10.8","51","6"
"64","8","第 8 波 · 加压","28","4158","4477","9.926","42","4"
"64","9","第 9 波 · 练习","30","4956","7368.143","12.925","45","6"
"64","10","决胜波次","32","5586","6063.333","11.866","36","0"
"65","1","第 1 波 · 试探","11","460","524","6","37","4"
"65","2","第 2 波 · 练习","13","604","646","6.864","40","6"
"65","3","第 3 波 · 加压","16","996","1655.524","11.648","27","4"
"65","4","第 4 波 · 缓冲","19","953","1022","9.804","42","4"
"65","5","第 5 波 · 练习","22","2172","3224.909","8.979","33","6"
"65","6","第 6 波 · 加压","24","2573","2801","10.864","36","4"
"65","7","第 7 波 · 缓冲","26","2454","2566","10.8","51","6"
"65","8","第 8 波 · 加压","28","4275","6306.429","12.973","42","4"
"65","9","第 9 波 · 练习","30","4874","5285.333","11.875","45","6"
"65","10","小首领 · 霜原追猎长","28","6593","9500.114","9.328","36","0"
"66","1","第 1 波 · 试探","11","431","465","6","37","4"
"66","2","第 2 波 · 练习","13","534","604","6.864","40","6"
"66","3","第 3 波 · 加压","16","883","962.111","9.904","27","4"
"66","4","第 4 波 · 缓冲","19","836","951.024","10.32","42","4"
"66","5","第 5 波 · 练习","22","1761","1941","11.798","33","6"
"66","6","第 6 波 · 加压","24","2501","2601","8.464","36","4"
"66","7","第 7 波 · 缓冲","26","2223","3012.524","11.88","51","6"
"66","8","第 8 波 · 加压","28","3695","4013.667","11.773","42","4"
"66","9","第 9 波 · 练习","30","4962","7491.761","10.976","45","6"
"66","10","决胜波次","32","5440","6324","12.23","36","0"
"67","1","第 1 波 · 试探","11","437","501","6","37","4"
"67","2","第 2 波 · 练习","13","571","649","6.864","40","6"
"67","3","第 3 波 · 加压","16","1037","1653.823","9.248","27","4"
"67","4","第 4 波 · 缓冲","19","868","972","9.288","42","4"
"67","5","第 5 波 · 练习","22","1965","2049","8.198","33","6"
"67","6","第 6 波 · 加压","24","2542","3953.524","11.6","36","4"
"67","7","第 7 波 · 缓冲","26","2371","2605","11.664","51","6"
"67","8","第 8 波 · 加压","28","4297","6547.247","10.896","42","4"
"67","9","第 9 波 · 练习","30","4775","5613","12.323","45","6"
"67","10","决胜波次","32","5942","6117","9.83","36","0"
"68","1","第 1 波 · 试探","11","460","526","6","37","4"
"68","2","第 2 波 · 练习","13","635","769.634","6.864","40","6"
"68","3","第 3 波 · 加压","16","935","1058","10.56","27","4"
"68","4","第 4 波 · 缓冲","19","894","950","9.288","42","4"
"68","5","第 5 波 · 练习","22","1935","3014.667","12.579","33","6"
"68","6","第 6 波 · 加压","24","2496","2734.444","10.4","36","4"
"68","7","第 7 波 · 缓冲","26","2387","2934.678","11.88","51","6"
"68","8","第 8 波 · 加压","28","4028","4465","11.126","42","4"
"68","9","第 9 波 · 练习","30","5114","5271","9.923","45","6"
"68","10","决胜波次","32","6112","9657.857","13.066","36","0"
"69","1","第 1 波 · 试探","11","489","557.5","6","37","4"
"69","2","第 2 波 · 练习","13","605","685","6.864","40","6"
"69","3","第 3 波 · 加压","16","1075","1142","8.16","27","4"
"69","4","第 4 波 · 缓冲","19","930","1046","9.804","42","4"
"69","5","第 5 波 · 练习","22","1934","2072.222","10.179","33","6"
"69","6","第 6 波 · 加压","24","2843","4329.697","10.768","36","4"
"69","7","第 7 波 · 缓冲","26","2429","2750","10.8","51","6"
"69","8","第 8 波 · 加压","28","4356","4506","9.926","42","4"
"69","9","第 9 波 · 练习","30","5277","7685.905","12.925","45","6"
"69","10","决胜波次","32","5950","6612","10.666","36","0"
"70","1","第 1 波 · 试探","11","487","559","6","37","4"
"70","2","第 2 波 · 练习","13","642","689","6.864","40","6"
"70","3","第 3 波 · 加压","16","1043","1568.476","11.648","27","4"
"70","4","第 4 波 · 缓冲","19","1005","1078","9.804","42","4"
"70","5","第 5 波 · 练习","22","2257","3305.091","10.179","33","6"
"70","6","第 6 波 · 加压","24","2735","3066","9.664","36","4"
"70","7","第 7 波 · 缓冲","26","2594","2712","10.8","51","6"
"70","8","第 8 波 · 加压","28","4561","6943.048","12.973","42","4"
"70","9","第 9 波 · 练习","30","5182","5753","10.675","45","6"
"70","10","小首领 · 晶盾执旗官","28","7124","9961.634","9.328","36","0"
"71","1","第 1 波 · 试探","11","459","498","6","37","4"
"71","2","第 2 波 · 练习","13","555","629","6.864","40","6"
"71","3","第 3 波 · 加压","16","878","947.111","9.904","27","4"
"71","4","第 4 波 · 缓冲","19","815","927.268","10.32","42","4"
"71","5","第 5 波 · 练习","22","1612","1893","11.798","33","6"
"71","6","第 6 波 · 加压","24","2291","2382","8.464","36","4"
"71","7","第 7 波 · 缓冲","26","2047","2774.286","11.88","51","4"
"71","8","第 8 波 · 练习","28","3369","3680.222","10.573","42","6"
"71","9","第 9 波 · 加压","30","4520","6936.22","10.976","45","4"
"71","10","第 10 波 · 缓冲","32","3835","4387","10.788","60","6"
"71","11","决胜波次","34","6109","6281","9.648","39","0"
"72","1","第 1 波 · 试探","11","470","542","6","37","4"
"72","2","第 2 波 · 练习","13","584","664","6.864","40","6"
"72","3","第 3 波 · 加压","16","970","1533.865","10.448","27","4"
"72","4","第 4 波 · 缓冲","19","847","949","9.288","42","4"
"72","5","第 5 波 · 练习","22","1836","1914","8.198","33","6"
"72","6","第 6 波 · 加压","24","2327","3592.095","12.8","36","4"
"72","7","第 7 波 · 缓冲","26","2208","2320","11.664","51","4"
"72","8","第 8 波 · 练习","28","3913","5847.475","10.896","42","6"
"72","9","第 9 波 · 加压","30","4327","5073","12.323","45","4"
"72","10","第 10 波 · 缓冲","32","4078","4232","10.788","60","6"
"72","11","决胜波次","34","6283","9818.429","12.816","39","0"
"73","1","第 1 波 · 试探","11","485","557","6","37","4"
"73","2","第 2 波 · 练习","13","642","775.756","6.864","40","6"
"73","3","第 3 波 · 加压","16","914","1040","9.36","27","4"
"73","4","第 4 波 · 缓冲","19","864","918","9.288","42","4"
"73","5","第 5 波 · 练习","22","1828","2838.476","12.579","33","6"
"73","6","第 6 波 · 加压","24","2315","2475.556","9.2","36","4"
"73","7","第 7 波 · 缓冲","26","2194","2544.085","11.88","51","4"
"73","8","第 8 波 · 练习","28","3647","4027","12.326","42","6"
"73","9","第 9 波 · 加压","30","4660","4801","9.923","45","4"
"73","10","第 10 波 · 缓冲","32","4154","5508.667","11.832","60","6"
"73","11","决胜波次","34","6103","6456.333","10.16","39","0"
"74","1","第 1 波 · 试探","11","512","581.439","6","37","4"
"74","2","第 2 波 · 练习","13","603","677","6.864","40","6"
"74","3","第 3 波 · 加压","16","1050","1117","8.16","27","4"
"74","4","第 4 波 · 缓冲","19","907","1021","9.804","42","4"
"74","5","第 5 波 · 练习","22","1812","1942.778","8.979","33","6"
"74","6","第 6 波 · 加压","24","2620","3923.878","10.768","36","4"
"74","7","第 7 波 · 缓冲","26","2229","2523","10.8","51","4"
"74","8","第 8 波 · 练习","28","4001","4138","9.926","42","6"
"74","9","第 9 波 · 加压","30","4736","6929.286","12.925","45","4"
"74","10","第 10 波 · 缓冲","32","4466","4651","11.832","60","6"
"74","11","决胜波次","34","6962","10270.963","11.872","39","0"
"75","1","第 1 波 · 试探","11","508","544","6","37","4"
"75","2","第 2 波 · 练习","13","646","646","6.864","40","6"
"75","3","第 3 波 · 加压","16","1020","1627.714","12.848","27","4"
"75","4","第 4 波 · 缓冲","19","974","1045","9.804","42","4"
"75","5","第 5 波 · 练习","22","2122","3199.068","10.179","33","6"
"75","6","第 6 波 · 加压","24","2521","2817","9.664","36","4"
"75","7","第 7 波 · 缓冲","26","2393","2502","10.8","51","4"
"75","8","第 8 波 · 练习","28","4077","5979.857","12.973","42","6"
"75","9","第 9 波 · 加压","30","4659","4965","10.675","45","4"
"75","10","第 10 波 · 缓冲","32","4536","5816.865","11.832","60","6"
"75","11","小首领 · 电磁监察官","30","6846","7943","9.806","39","0"
"76","1","第 1 波 · 试探","11","477","477","6","37","4"
"76","2","第 2 波 · 练习","13","579","659","6.864","40","6"
"76","3","第 3 波 · 加压","16","933","1009.222","8.704","27","4"
"76","4","第 4 波 · 缓冲","19","857","974.78","10.32","42","4"
"76","5","第 5 波 · 练习","22","1710","1944","11.798","33","6"
"76","6","第 6 波 · 加压","24","2427","2523","9.664","36","4"
"76","7","第 7 波 · 缓冲","26","2167","2935.19","11.88","51","4"
"76","8","第 8 波 · 练习","28","3544","3762.333","10.573","42","6"
"76","9","第 9 波 · 加压","30","4738","7169.586","12.176","45","4"
"76","10","第 10 波 · 缓冲","32","4040","4612","10.788","60","6"
"76","11","决胜波次","34","6417","6983","9.648","39","0"
"77","1","第 1 波 · 试探","11","489","567","6","37","4"
"77","2","第 2 波 · 练习","13","611","699","6.864","40","6"
"77","3","第 3 波 · 加压","16","1016","1468.807","10.448","27","4"
"77","4","第 4 波 · 缓冲","19","899","1009","9.288","42","4"
"77","5","第 5 波 · 练习","22","1929","2011","9.398","33","6"
"77","6","第 6 波 · 加压","24","2456","3802.81","11.6","36","4"
"77","7","第 7 波 · 缓冲","26","2320","2438","11.664","51","4"
"77","8","第 8 波 · 练习","28","4113","6283.955","12.096","42","6"
"77","9","第 9 波 · 加压","30","4595","5521","12.323","45","4"
"77","10","第 10 波 · 缓冲","32","4271","4587","10.788","60","6"
"77","11","决胜波次","34","6624","10346.143","12.816","39","0"
"78","1","第 1 波 · 试探","11","507","585","6","37","4"
"78","2","第 2 波 · 练习","13","678","821.902","6.864","40","6"
"78","3","第 3 波 · 加压","16","968","1091","9.36","27","4"
"78","4","第 4 波 · 缓冲","19","908","908","9.288","42","4"
"78","5","第 5 波 · 练习","22","1900","2956.095","12.579","33","6"
"78","6","第 6 波 · 加压","24","2418","2585.111","9.2","36","4"
"78","7","第 7 波 · 缓冲","26","2314","2846.188","11.88","51","4"
"78","8","第 8 波 · 练习","28","3862","4291","11.126","42","6"
"78","9","第 9 波 · 加压","30","4901","5373","9.923","45","4"
"78","10","第 10 波 · 缓冲","32","4410","5859.238","11.832","60","6"
"78","11","决胜波次","34","6460","6830.444","10.16","39","0"
"79","1","第 1 波 · 试探","11","538","612.573","6","37","4"
"79","2","第 2 波 · 练习","13","639","719","6.864","40","6"
"79","3","第 3 波 · 加压","16","1086","1086","9.36","27","4"
"79","4","第 4 波 · 缓冲","19","955","1075","9.804","42","4"
"79","5","第 5 波 · 练习","22","1907","2044.778","8.979","33","6"
"79","6","第 6 波 · 加压","24","2725","4016.607","11.968","36","4"
"79","7","第 7 波 · 缓冲","26","2348","2657","10.8","51","4"
"79","8","第 8 波 · 练习","28","4207","4665","9.926","42","6"
"79","9","第 9 波 · 加压","30","5005","7331.286","12.925","45","4"
"79","10","第 10 波 · 缓冲","32","4698","4893","11.832","60","6"
"79","11","决胜波次","34","7358","10933.918","10.672","39","0"
"80","1","第 1 波 · 试探","11","527","599","6","37","4"
"80","2","第 2 波 · 练习","13","671","671","6.864","40","6"
"80","3","第 3 波 · 加压","16","1072","1699","11.648","27","4"
"80","4","第 4 波 · 缓冲","19","1021","1095","9.804","42","4"
"80","5","第 5 波 · 练习","22","2211","3272.5","11.379","33","6"
"80","6","第 6 波 · 加压","24","2665","2905","8.464","36","4"
"80","7","第 7 波 · 缓冲","26","2490","2712","10.8","51","4"
"80","8","第 8 波 · 练习","28","4321","6368.286","12.973","42","6"
"80","9","第 9 波 · 加压","30","4923","5244","10.675","45","4"
"80","10","第 10 波 · 缓冲","32","4776","6125.306","11.832","60","6"
"80","11","章节首领","35","7010","8664.29","12.648","39","0"
"81","1","第 1 波 · 试探","11","434","487.195","6.72","37","4"
"81","2","第 2 波 · 练习","14","545","641.098","8.328","40","6"
"81","3","第 3 波 · 加压","17","893","1115.333","12.167","27","4"
"81","4","第 4 波 · 缓冲","20","854","1153.462","15.257","42","4"
"81","5","第 5 波 · 练习","23","1755","2109.238","14.094","33","6"
"81","6","第 6 波 · 加压","25","2400","2870.902","11.504","36","4"
"81","7","第 7 波 · 缓冲","27","2241","2995.604","17.128","51","4"
"81","8","第 8 波 · 练习","29","3612","3810.602","12.422","42","6"
"81","9","第 9 波 · 加压","31","4684","6539.117","14.718","45","4"
"81","10","第 10 波 · 缓冲","33","4349","5015.878","16.37","60","6"
"81","11","决胜波次","35","6384","7985.033","12.722","39","0"
"82","1","第 1 波 · 试探","11","445","531.927","6.72","37","4"
"82","2","第 2 波 · 练习","14","562","648.415","8.328","40","6"
"82","3","第 3 波 · 加压","17","978","1414.828","11.862","27","4"
"82","4","第 4 波 · 缓冲","20","909","1033.463","13.87","42","4"
"82","5","第 5 波 · 练习","23","1922","1990.469","9.838","33","6"
"82","6","第 6 波 · 加压","25","2478","3889.59","13.528","36","4"
"82","7","第 7 波 · 缓冲","27","2402","2641.268","16.547","51","4"
"82","8","第 8 波 · 练习","29","4095","6167.965","15.364","42","6"
"82","9","第 9 波 · 加压","31","4694","5587.686","14.549","45","4"
"82","10","第 10 波 · 缓冲","33","4463","4776.463","15.668","60","6"
"82","11","决胜波次","35","6781","10276.399","14.352","39","0"
"83","1","第 1 波 · 试探","11","447","517","6.72","37","4"
"83","2","第 2 波 · 练习","14","610","737.927","8.328","40","6"
"83","3","第 3 波 · 加压","17","897","1008.111","13.958","27","4"
"83","4","第 4 波 · 缓冲","20","910","983.756","13.523","42","4"
"83","5","第 5 波 · 练习","23","1901","2991.326","14.531","33","6"
"83","6","第 6 波 · 加压","25","2429","2590.561","12.122","36","4"
"83","7","第 7 波 · 缓冲","27","2372","3093.07","16.547","51","4"
"83","8","第 8 波 · 练习","29","3960","4262.981","11.879","42","6"
"83","9","第 9 波 · 加压","31","4941","5755.111","11.812","45","4"
"83","10","第 10 波 · 缓冲","33","4653","6050.324","16.604","60","6"
"83","11","决胜波次","35","6681","7186.715","14.209","39","0"
"84","1","第 1 波 · 试探","11","488","572.451","6.72","37","4"
"84","2","第 2 波 · 练习","14","603","710.366","8.328","40","6"
"84","3","第 3 波 · 加压","17","1054","1105.268","9.748","27","4"
"84","4","第 4 波 · 缓冲","20","955","1239.698","14.564","42","4"
"84","5","第 5 波 · 练习","23","1909","2030.287","11.913","33","6"
"84","6","第 6 波 · 加压","25","2698","4043.775","14.934","36","4"
"84","7","第 7 波 · 缓冲","27","2516","2871.61","16.257","51","4"
"84","8","第 8 波 · 练习","29","4198","4948.957","11.879","42","6"
"84","9","第 9 波 · 加压","31","5148","7608.993","14.549","45","4"
"84","10","第 10 波 · 缓冲","33","4905","5393.634","16.604","60","6"
"84","11","决胜波次","35","7342","10562.078","10.752","39","0"
"85","1","第 1 波 · 试探","11","496","592.878","6.72","37","4"
"85","2","第 2 波 · 练习","14","623","684.268","8.328","40","6"
"85","3","第 3 波 · 加压","17","1068","1691.36","13.976","27","4"
"85","4","第 4 波 · 缓冲","20","1032","1158.22","14.564","42","4"
"85","5","第 5 波 · 练习","23","2122","2941.648","12.894","33","6"
"85","6","第 6 波 · 加压","25","2707","2894.211","11.71","36","4"
"85","7","第 7 波 · 缓冲","27","2626","2795.902","15.967","51","4"
"85","8","第 8 波 · 练习","29","4414","6563.709","14.641","42","6"
"85","9","第 9 波 · 加压","31","5113","5541.041","14.886","45","4"
"85","10","第 10 波 · 缓冲","33","4997","6388.274","17.071","60","6"
"85","11","小首领 · 重甲队长","31","7655","10470.641","11.752","39","0"
"86","1","第 1 波 · 试探","11","439","476","6.72","37","4"
"86","2","第 2 波 · 练习","14","570","670.732","8.328","40","6"
"86","3","第 3 波 · 加压","17","945","1007.057","11.862","27","4"
"86","4","第 4 波 · 缓冲","20","907","1223.12","15.257","42","4"
"86","5","第 5 波 · 练习","23","1838","2241.136","13.875","33","6"
"86","6","第 6 波 · 加压","25","2558","3059.642","11.504","36","4"
"86","7","第 7 波 · 缓冲","27","2372","3166.748","16.838","51","4"
"86","8","第 8 波 · 练习","29","3854","4175.114","14.641","42","6"
"86","9","第 9 波 · 加压","31","5042","6915.461","10.949","45","4"
"86","10","第 10 波 · 缓冲","33","4639","5321.024","16.37","60","6"
"86","11","决胜波次","35","6918","7233.55","11.092","39","0"
"87","1","第 1 波 · 试探","11","469","559.683","6.72","37","4"
"87","2","第 2 波 · 练习","14","596","696.634","8.328","40","6"
"87","3","第 3 波 · 加压","17","979","1426.581","13.367","27","4"
"87","4","第 4 波 · 缓冲","20","965","1097.146","14.217","42","4"
"87","5","第 5 波 · 练习","23","2024","2444.515","11.257","33","6"
"87","6","第 6 波 · 加压","25","2596","3928.024","14.522","36","4"
"87","7","第 7 波 · 缓冲","27","2556","2810.634","16.547","51","4"
"87","8","第 8 波 · 练习","29","4334","6715.55","14.164","42","6"
"87","9","第 9 波 · 加压","31","5059","6029.098","14.718","45","4"
"87","10","第 10 波 · 缓冲","33","4784","5183.512","15.201","60","6"
"87","11","决胜波次","35","7296","11036.831","14.495","39","0"
"88","1","第 1 波 · 试探","11","477","560.756","6.72","37","4"
"88","2","第 2 波 · 练习","14","648","791.512","8.328","40","6"
"88","3","第 3 波 · 加压","17","1001","1093.943","11.862","27","4"
"88","4","第 4 波 · 缓冲","20","949","1005.195","13.87","42","4"
"88","5","第 5 波 · 练习","23","2036","3030.602","14.094","33","6"
"88","6","第 6 波 · 加压","25","2570","2813.431","13.322","36","4"
"88","7","第 7 波 · 缓冲","27","2528","3297.184","16.547","51","4"
"88","8","第 8 波 · 练习","29","4192","5244.967","14.641","42","6"
"88","9","第 9 波 · 加压","31","5329","5472.442","11.475","45","4"
"88","10","第 10 波 · 缓冲","33","4969","6470.059","16.838","60","6"
"88","11","决胜波次","35","7098","7575.854","10.752","39","0"
"89","1","第 1 波 · 试探","11","515","610.744","6.72","37","4"
"89","2","第 2 波 · 练习","14","637","756.854","8.328","40","6"
"89","3","第 3 波 · 加压","17","1078","1358.111","11.558","27","4"
"89","4","第 4 波 · 缓冲","20","1006","1305.49","13.87","42","4"
"89","5","第 5 波 · 练习","23","2003","2191.943","13.113","33","6"
"89","6","第 6 波 · 加压","25","2893","4451.727","13.734","36","4"
"89","7","第 7 波 · 缓冲","27","2667","3020.634","16.838","51","4"
"89","8","第 8 波 · 练习","29","4519","4653.07","11.517","42","6"
"89","9","第 9 波 · 加压","31","5579","8356.158","14.549","45","4"
"89","10","第 10 波 · 缓冲","33","5239","5819.829","16.838","60","6"
"89","11","决胜波次","35","7745","11464.264","12.239","39","0"
"90","1","第 1 波 · 试探","11","527","635.024","6.72","37","4"
"90","2","第 2 波 · 练习","14","635","719","8.328","40","6"
"90","3","第 3 波 · 加压","17","1139","1827.096","13.367","27","4"
"90","4","第 4 波 · 缓冲","20","1083","1215.805","14.217","42","4"
"90","5","第 5 波 · 练习","23","2307","3158.792","10.494","33","6"
"90","6","第 6 波 · 加压","25","2871","3395.268","13.116","36","4"
"90","7","第 7 波 · 缓冲","27","2778","2958.439","15.386","51","4"
"90","8","第 8 波 · 练习","29","4790","7162.775","14.641","42","6"
"90","9","第 9 波 · 加压","31","5453","5861.282","11.454","45","4"
"90","10","第 10 波 · 缓冲","33","5322","6806.269","17.539","60","6"
"90","11","小首领 · 菌甲督军","31","8414","9163.827","10.408","39","0"
"91","1","第 1 波 · 试探","11","459","498","6.72","37","4"
"91","2","第 2 波 · 练习","14","569","659.683","8.328","40","6"
"91","3","第 3 波 · 加压","17","905","1000.94","12.758","27","4"
"91","4","第 4 波 · 缓冲","20","887","1198.571","15.257","42","4"
"91","5","第 5 波 · 练习","23","1776","2312.003","14.094","33","6"
"91","6","第 6 波 · 加压","25","2406","2485.274","11.298","36","4"
"91","7","第 7 波 · 缓冲","27","2232","2977.324","16.838","51","4"
"91","8","第 8 波 · 练习","29","3592","3853.724","11.041","42","6"
"91","9","第 9 波 · 加压","31","4600","6538.42","12.486","45","4"
"91","10","第 10 波 · 缓冲","33","4293","4923.659","15.902","60","6"
"91","11","第 11 波 · 加压","35","6511","6874.981","13.492","51","6"
"91","12","决胜波次","37","7312","10861.789","13.934","42","0"
"92","1","第 1 波 · 试探","11","484","569.976","6.72","37","4"
"92","2","第 2 波 · 练习","14","603","696.951","8.328","40","6"
"92","3","第 3 波 · 加压","17","1021","1466.667","10.662","27","4"
"92","4","第 4 波 · 缓冲","20","950","1080.61","14.564","42","4"
"92","5","第 5 波 · 练习","23","1917","1984.366","11.038","33","6"
"92","6","第 6 波 · 加压","25","2449","3711.293","14.522","36","4"
"92","7","第 7 波 · 缓冲","27","2397","2668.317","16.547","51","4"
"92","8","第 8 波 · 练习","29","3975","6109.52","15.726","42","6"
"92","9","第 9 波 · 加压","31","4668","5139.805","14.381","45","4"
"92","10","第 10 波 · 缓冲","33","4406","4715.073","15.201","60","6"
"92","11","第 11 波 · 加压","35","6648","10097.924","14.352","51","6"
"92","12","决胜波次","37","7298","8947.659","12.996","42","0"
"93","1","第 1 波 · 试探","11","491","567","6.72","37","4"
"93","2","第 2 波 · 练习","14","667","815.146","8.328","40","6"
"93","3","第 3 波 · 加压","17","975","1204.724","13.367","27","4"
"93","4","第 4 波 · 缓冲","20","952","1029.049","13.523","42","4"
"93","5","第 5 波 · 练习","23","1915","2906.801","14.313","33","6"
"93","6","第 6 波 · 加压","25","2439","2603","10.922","36","4"
"93","7","第 7 波 · 缓冲","27","2372","3093.07","17.128","51","4"
"93","8","第 8 波 · 练习","29","3862","4095.52","14.279","42","6"
"93","9","第 9 波 · 加压","31","5012","5315.74","13.875","45","4"
"93","10","第 10 波 · 缓冲","33","4574","5950.258","16.604","60","6"
"93","11","第 11 波 · 加压","35","6554","8082.634","13.295","51","6"
"93","12","决胜波次","37","8046","12048.184","14.458","42","0"
"94","1","第 1 波 · 试探","11","533","623.841","6.72","37","4"
"94","2","第 2 波 · 练习","14","649","769.732","8.328","40","6"
"94","3","第 3 波 · 加压","17","1076","1126.607","11.253","27","4"
"94","4","第 4 波 · 缓冲","20","997","1293.792","14.217","42","4"
"94","5","第 5 波 · 练习","23","1930","2053.612","10.713","33","6"
"94","6","第 6 波 · 加压","25","2715","4323.994","15.14","36","4"
"94","7","第 7 波 · 缓冲","27","2502","2833.902","16.257","51","4"
"94","8","第 8 波 · 练习","29","4267","4551.03","13.917","42","6"
"94","9","第 9 波 · 加压","31","5055","7464.689","14.549","45","4"
"94","10","第 10 波 · 缓冲","33","4827","5307.732","17.071","60","6"
"94","11","第 11 波 · 加压","35","7140","10191.057","11.952","51","6"
"94","12","决胜波次","37","7815","8520.358","13.804","42","0"
"95","1","第 1 波 · 试探","11","546","658","6.72","37","4"
"95","2","第 2 波 · 练习","14","662","727.024","8.328","40","6"
"95","3","第 3 波 · 加压","17","1064","1612.708","14.872","27","4"
"95","4","第 4 波 · 缓冲","20","1067","1197.61","14.564","42","4"
"95","5","第 5 波 · 练习","23","2174","3142.78","11.913","33","6"
"95","6","第 6 波 · 加压","25","2685","2868.244","12.91","36","4"
"95","7","第 7 波 · 缓冲","27","2596","2764.585","15.386","51","4"
"95","8","第 8 波 · 练习","29","4371","6515.074","13.441","42","6"
"95","9","第 9 波 · 加压","31","5010","6201.924","14.023","45","4"
"95","10","第 10 波 · 缓冲","33","4914","6293.191","17.071","60","6"
"95","11","第 11 波 · 加压","35","7318","8206.317","14.352","51","6"
"95","12","小首领 · 电磁监察官","33","8841","9479.409","8.599","42","0"
"96","1","第 1 波 · 试探","11","489","547.39","6.72","37","4"
"96","2","第 2 波 · 练习","14","611","719.024","8.328","40","6"
"96","3","第 3 波 · 加压","17","992","1059.146","10.662","27","4"
"96","4","第 4 波 · 缓冲","20","933","1259.447","15.604","42","4"
"96","5","第 5 波 · 练习","23","1877","2243.642","13.657","33","6"
"96","6","第 6 波 · 加压","25","2545","2731.03","12.498","36","4"
"96","7","第 7 波 · 缓冲","27","2362","3152.23","16.838","51","4"
"96","8","第 8 波 · 练习","29","3796","4791.778","13.802","42","6"
"96","9","第 9 波 · 加压","31","4914","6720.978","12.149","45","4"
"96","10","第 10 波 · 缓冲","33","4557","5254.61","16.136","60","6"
"96","11","第 11 波 · 加压","35","6793","7105.905","10.035","51","6"
"96","12","决胜波次","37","7725","11741.838","14.196","42","0"
"97","1","第 1 波 · 试探","11","520","623.073","6.72","37","4"
"97","2","第 2 波 · 练习","14","634","741.268","8.328","40","6"
"97","3","第 3 波 · 加压","17","1060","1624.834","12.472","27","4"
"97","4","第 4 波 · 缓冲","20","999","1135.756","13.87","42","4"
"97","5","第 5 波 · 练习","23","2006","2163.13","12.238","33","6"
"97","6","第 6 波 · 加压","25","2582","3921.99","13.322","36","4"
"97","7","第 7 波 · 缓冲","27","2528","2780.439","17.128","51","4"
"97","8","第 8 波 · 练习","29","4231","6533.441","15.364","42","6"
"97","9","第 9 波 · 加压","31","5019","5680.187","14.381","45","4"
"97","10","第 10 波 · 缓冲","33","4688","5078.732","15.434","60","6"
"97","11","第 11 波 · 加压","35","6998","10898.348","14.639","51","6"
"97","12","决胜波次","37","7629","8053.978","12.734","42","0"
"98","1","第 1 波 · 试探","11","526","620.171","6.72","37","4"
"98","2","第 2 波 · 练习","14","691","837.902","8.328","40","6"
"98","3","第 3 波 · 加压","17","1029","1099.341","12.758","27","4"
"98","4","第 4 波 · 缓冲","20","1000","1081","13.177","42","4"
"98","5","第 5 波 · 练习","23","2046","3055.422","13.113","33","6"
"98","6","第 6 波 · 加压","25","2572","3044.13","12.328","36","4"
"98","7","第 7 波 · 缓冲","27","2514","3277.726","16.547","51","4"
"98","8","第 8 波 · 练习","29","4162","4561.252","14.279","42","6"
"98","9","第 9 波 · 加压","31","5236","5496.423","10.444","45","4"
"98","10","第 10 波 · 缓冲","33","4844","6299.656","17.071","60","6"
"98","11","第 11 波 · 加压","35","6843","7203.577","13.009","51","6"
"98","12","决胜波次","37","8652","12787.13","14.327","42","0"
"99","1","第 1 波 · 试探","11","565","678.116","6.72","37","4"
"99","2","第 2 波 · 练习","14","666","781.317","8.328","40","6"
"99","3","第 3 波 · 加压","17","1489","1632.415","12.148","27","4"
"99","4","第 4 波 · 缓冲","20","1339","1736.733","14.217","42","4"
"99","5","第 5 波 · 练习","23","2605","3101.198","12.131","33","6"
"99","6","第 6 波 · 加压","25","3654","5609.333","14.934","36","4"
"99","7","第 7 波 · 缓冲","27","3375","3823.463","16.257","51","4"
"99","8","第 8 波 · 练习","29","5711","6021.038","10.317","42","6"
"99","9","第 9 波 · 加压","31","6796","10399.553","14.886","45","4"
"99","10","第 10 波 · 缓冲","33","6536","7186.634","16.604","60","6"
"99","11","第 11 波 · 加压","35","9771","14160.567","14.352","51","6"
"99","12","章节首领","39","10505","13184.253","16.073","42","0"
