"关卡","波数","原参考库修改前通过","原参考库修改后通过","独立策略通过","慢操作通过策略","独立策略最快通关秒"
"1","4","5/5","5/5","output、control","output、control","68"
"2","4","5/5","5/5","output、control","output、control","59"
"3","4","4/4","4/4","chain、corrosion、piercing、area、control","chain、corrosion、piercing、area、control","52"
"4","5","6/6","6/6","chain、corrosion、piercing、area、control","chain、corrosion、piercing、area、control","52"
"5","5","6/6","6/6","chain、corrosion、piercing、area、control","chain、corrosion、piercing、area、control","57"
"6","6","6/6","6/6","chain、corrosion、piercing、area、control","chain、corrosion、piercing、area、control","104"
"7","6","10/10","10/10","chain、corrosion、piercing、area、control","chain、corrosion、piercing、area、control","108"
"8","6","10/10","10/10","chain、corrosion、piercing、area、control","chain、corrosion、piercing、area、control","111"
"9","6","12/12","12/12","chain、corrosion、piercing、area、control","chain、corrosion、piercing、area、control","132"
"10","6","8/12","12/12","chain、corrosion、piercing、area、control","chain、corrosion、piercing、area、control","164"
"11","6","10/12","12/12","chain、corrosion、piercing、area、control","chain、corrosion、piercing、area、control","133"
"12","6","7/12","12/12","chain、corrosion、piercing、area、control","chain、corrosion、piercing、area、control","128"
"13","7","12/12","12/12","chain、corrosion、piercing、area、control","chain、corrosion、piercing、area、control","140"
"14","7","8/12","12/12","chain、corrosion、piercing、area、control","chain、corrosion、piercing、area、control","144"
"15","7","11/12","10/12","chain、corrosion、area、control","chain、corrosion、area、control","172"
"16","7","10/12","12/12","chain、corrosion、piercing、area、control","chain、corrosion、piercing、area、control","147"
"17","7","11/13","13/13","chain、corrosion、piercing、area、control","chain、corrosion、piercing、area、control","151"
"18","7","1/13","13/13","chain、corrosion、piercing、area、control","chain、corrosion、piercing、area、control","145"
"19","7","9/13","13/13","chain、corrosion、piercing、area、control","chain、corrosion、piercing、area、control","155"
"20","8","3/13","12/13","chain、corrosion、piercing、area、control","chain、corrosion、piercing、area、control","220"
"21","8","13/13","13/13","chain、corrosion、piercing、area、control","chain、corrosion、piercing、area、control","140"
"22","8","13/13","13/13","chain、corrosion、piercing、area、control","chain、corrosion、piercing、area、control","156"
"23","8","12/13","13/13","chain、corrosion、area","chain、corrosion、area","174"
"24","8","8/13","10/13","chain、corrosion、area","chain、corrosion、area","170"
"25","8","13/13","13/13","chain、corrosion、area、control","chain、corrosion、area、control","164"
"26","8","10/13","13/13","chain、corrosion、area、control","chain、corrosion、area、control","159"
"27","8","11/13","12/13","chain、corrosion、area","chain、corrosion、area","148"
"28","8","7/13","8/13","chain、corrosion、area","chain、corrosion","189"
"29","8","8/13","13/13","chain、corrosion、piercing、area","chain、corrosion、piercing、area","179"
"30","8","10/13","12/13","chain、corrosion、area","chain、corrosion、area","162"
"31","9","11/13","13/13","chain、corrosion、piercing、area、control","chain、corrosion、piercing、area、control","156"
"32","9","12/13","13/13","chain、corrosion、piercing、area、control","chain、corrosion、piercing、area","163"
"33","9","7/13","13/13","chain、corrosion、area","chain、corrosion、piercing、area","188"
"34","9","8/13","13/13","chain、corrosion、area、control","chain、corrosion、piercing、area、control","180"
"35","9","10/13","12/13","chain、corrosion、area","chain、corrosion、piercing、area","149"
"36","9","11/13","13/13","chain、corrosion、area、control","chain、corrosion、piercing、area、control","192"
"37","9","13/13","13/13","chain、corrosion、piercing、area、control","chain、corrosion、piercing、area、control","193"
"38","9","10/13","13/13","chain、corrosion、piercing、area、control","chain、corrosion、piercing、area","212"
"39","9","3/13","13/13","chain、corrosion、area","chain、corrosion、area","210"
"40","9","12/13","9/13","chain、corrosion、area","chain、corrosion、area","213"
"41","9","13/13","13/13","chain、corrosion、piercing、area、control","chain、corrosion、piercing、area、control","158"
"42","9","4/13","12/13","chain、corrosion、area、control","chain、corrosion、area、control","192"
"43","9","8/13","13/13","chain、corrosion、piercing、area、control","chain、corrosion、piercing、area、control","202"
"44","9","7/13","13/13","chain、corrosion、area、control","chain、corrosion、area、control","189"
"45","9","7/13","13/13","chain、corrosion、area、control","chain、corrosion、area、control","176"
"46","9","9/13","13/13","chain、corrosion、piercing、area、control","chain、corrosion、piercing、area、control","183"
"47","9","10/13","13/13","chain、corrosion、piercing、area、control","chain、corrosion、piercing、area、control","161"
"48","9","12/13","13/13","chain、corrosion、piercing、area、control","chain、corrosion、piercing、area、control","162"
"49","9","9/13","13/13","chain、corrosion、piercing、area、control","chain、corrosion、piercing、area","203"
"50","9","9/13","12/13","chain、corrosion、area、control","chain、corrosion、area、control","153"
"51","10","11/13","13/13","chain、corrosion、piercing、area、control","chain、corrosion、piercing、area、control","180"
"52","10","4/13","13/13","chain、corrosion、area、control","chain、corrosion、piercing、area、control","211"
"53","10","6/13","8/13","chain、corrosion、area","chain、corrosion、area","255"
"54","10","3/13","10/13","chain、corrosion、piercing、area、control","chain、corrosion、piercing、area、control","239"
"55","10","7/13","8/13","chain、corrosion、area","chain、corrosion、area、control","222"
"56","10","7/13","12/13","chain、corrosion、piercing、area、control","chain、corrosion、piercing、area","218"
"57","10","9/13","13/13","chain、corrosion、piercing、area、control","chain、corrosion、piercing、area、control","237"
"58","10","4/13","8/13","chain、corrosion、area、control","chain、corrosion、area","246"
"59","10","5/13","12/13","chain、corrosion、piercing、area、control","chain、corrosion、piercing、area","198"
"60","10","7/13","7/13","corrosion、piercing、area","corrosion、piercing、area","249"
"61","10","8/13","12/13","chain、corrosion、piercing、area、control","chain、corrosion、piercing、area、control","197"
"62","10","11/13","12/13","chain、corrosion、piercing、area、control","chain、corrosion、piercing、area、control","177"
"63","10","13/13","13/13","chain、corrosion、piercing、area、control","chain、corrosion、piercing、area、control","193"
"64","10","6/13","11/13","chain、corrosion、area、control","chain、corrosion、area、control","230"
"65","10","4/13","7/13","chain、corrosion、area、control","chain、corrosion、area、control","190"
"66","10","4/13","8/13","chain、corrosion、area","chain、corrosion、piercing、area、control","219"
"67","10","8/13","8/13","chain、corrosion、area","chain、corrosion、piercing、area","222"
"68","10","8/13","11/13","chain、corrosion、area、control","chain、corrosion、area","234"
"69","10","7/13","12/13","chain、corrosion、piercing、area、control","chain、corrosion、piercing、area、control","210"
"70","10","6/13","9/13","chain、corrosion、area","chain、corrosion、area","228"
"71","11","6/13","8/13","chain、corrosion、piercing、area、control","chain、corrosion、piercing、area、control","205"
"72","11","4/13","11/13","chain、corrosion、piercing、area","chain、corrosion、piercing、area","227"
"73","11","5/13","7/13","chain、corrosion、piercing、area、control","chain、corrosion、piercing、area、control","220"
"74","11","3/13","9/13","chain、corrosion、piercing、area","chain、corrosion、piercing、area、control","197"
"75","11","6/13","6/13","chain、corrosion、area","chain、corrosion、piercing、area","208"
"76","11","6/13","6/13","chain、corrosion、piercing、area、control","chain、corrosion、piercing、area、control","234"
"77","11","8/13","10/13","chain、corrosion、piercing、area、control","chain、corrosion、piercing、area、control","266"
"78","11","4/13","8/13","chain、corrosion、piercing、area、control","chain、corrosion、piercing、area、control","259"
"79","11","8/13","11/13","chain、corrosion、piercing、area、control","chain、corrosion、piercing、area、control","235"
"80","11","6/13","7/13","chain、corrosion、piercing、area、control","chain、corrosion、piercing、area、control","257"
"81","11","3/13","9/13","chain、corrosion、piercing、area、control","chain、corrosion、piercing、area、control","238"
"82","11","8/13","12/13","chain、corrosion、piercing、area、control","chain、corrosion、piercing、area、control","248"
"83","11","5/13","11/13","chain、corrosion、piercing、area、control","chain、corrosion、piercing、area、control","231"
"84","11","4/13","12/13","chain、corrosion、piercing、area、control","chain、corrosion、piercing、area、control","256"
"85","11","7/13","11/13","chain、corrosion、area、control","chain、corrosion、area、control","248"
"86","11","2/13","9/13","chain、corrosion、piercing、area、control","chain、corrosion、area、control","257"
"87","11","7/13","12/13","chain、corrosion、piercing、area、control","chain、corrosion、area、control","281"
"88","11","4/13","9/13","chain、corrosion、area、control","chain、corrosion、area、control","278"
"89","11","5/13","11/13","chain、corrosion、piercing、area、control","chain、corrosion、piercing、area、control","275"
"90","11","5/13","11/13","chain、corrosion、area、control","chain、corrosion、area、control","267"
"91","12","8/13","9/13","chain、corrosion、piercing、area、control","chain、corrosion、piercing、area、control","288"
"92","12","8/13","10/13","chain、corrosion、piercing、area、control","chain、corrosion、piercing、area、control","253"
"93","12","6/13","10/13","chain、corrosion、piercing、area、control","chain、corrosion、piercing、area、control","291"
"94","12","8/13","9/13","chain、corrosion、piercing、area、control","chain、corrosion、piercing、area、control","296"
"95","12","8/13","9/13","chain、corrosion、area、control","chain、corrosion、area、control","307"
"96","12","7/13","8/13","chain、corrosion、area、control","chain、corrosion、area、control","315"
"97","12","8/13","10/13","chain、corrosion、piercing、area、control","chain、corrosion、piercing、area、control","261"
"98","12","7/13","11/13","chain、corrosion、piercing、area、control","chain、corrosion、piercing、area、control","294"
"99","12","8/13","5/13","corrosion、area、control","corrosion、area、control","339"
