"关卡","名称","波数","总初始生命","纯物理静态承伤量","终波占峰值","参考阵容数","禁用机关通过数","阈值机关通过数","阈值机关剩余耐久中位数","审阅提示"
"1","第 1-1 关 · 林间幽径 · 新手启程","4","1494","1494","1","5","5","5","20","有新要素"
"2","第 1-2 关 · 绿意苗圃","4","1644","1644","1","5","5","5","20","保留基线，统一复测"
"3","第 1-3 关 · 毒沼活泉","4","1795","1795","1","4","4","4","20","有新要素"
"4","第 1-4 关 · 古木栈桥","5","2006","2006","1","6","6","6","20","有新要素"
"5","第 1-5 关 · 巡逻哨所","5","2327","2327","1","6","6","6","20","保留基线，统一复测"
"6","第 1-6 关 · 荆棘密林","6","1483","1483","1","6","6","6","20","有新要素"
"7","第 1-7 关 · 清泉苔地","6","2158","2502","1","10","10","10","20","有新要素"
"8","第 1-8 关 · 迷雾回廊","6","2793","3703","0.37","10","10","10","20","终波静态负担偏低；相邻波负担回落>50%；有新要素"
"9","第 1-9 关 · 先锋哨塔","6","3885","6022.905","0.996","12","12","12","20","有新要素"
"10","第 1-10 关 · 骑士防线","6","5627","11017.412","0.273","12","8","8","9.5","终波静态负担偏低；相邻波负担回落>50%；固定布阵随尺寸失效"
"11","第 1-11 关 · 苍翠幽谷","6","5341","9555.762","0.297","12","10","10","18.5","终波静态负担偏低；相邻波负担回落>50%；固定布阵随尺寸失效；有新要素"
"12","第 1-12 关 · 母巢前哨","6","6978","13361","1","12","7","7","9.5","有新要素"
"13","第 1-13 关 · 毒蚀沼泽","7","8395","14039.774","1","12","12","12","20","相邻波负担回落>50%；有新要素"
"14","第 1-14 关 · 狂暴林地","7","9549","15370.167","0.579","12","8","8","11","终波静态负担偏低；相邻波负担回落>50%；固定布阵随尺寸失效；有新要素"
"15","第 1-15 关 · 重装巡逻","7","8893","13514.417","0.344","12","11","11","20","终波静态负担偏低；相邻波负担回落>50%；固定布阵随尺寸失效"
"16","第 1-16 关 · 绿茸湿地","7","9288","14274.452","1","12","10","10","9.5","相邻波负担回落>50%；有新要素"
"17","第 1-17 关 · 帝国封锁","7","9526","14025.405","0.539","13","11","11","20","终波静态负担偏低；固定布阵随尺寸失效；有新要素"
"18","第 1-18 关 · 古树核心","7","10800","16814.809","1","13","1","1","0","参考解法较少；相邻波负担回落>50%；固定布阵随尺寸失效；有新要素"
"19","第 1-19 关 · 先遣突围","7","10520","16524.44","0.611","13","9","9","20","终波静态负担偏低；固定布阵随尺寸失效；有新要素"
"20","第 1-20 关 · 重装开路巨像降临","8","14104","22815.909","1","13","1","3","0","参考解法较少；固定布阵随尺寸失效；章节首领"
"21","第 2-1 关 · 霜白冻土","8","13881","21545.357","0.568","13","9","13","20","终波静态负担偏低；固定布阵随尺寸失效；有新要素"
"22","第 2-2 关 · 裂谷回风","8","16670","27274.404","1","13","13","13","20","保留基线，统一复测"
"23","第 2-3 关 · 冰川小径","8","16164","25855.701","0.725","13","11","12","20","终波静态负担偏低"
"24","第 2-4 关 · 雪狼峡谷","8","16278","25873.488","0.467","13","4","8","14","终波静态负担偏低"
"25","第 2-5 关 · 苍白荒原","8","16207","25694.108","0.959","13","11","13","20","保留基线，统一复测"
"26","第 2-6 关 · 极寒冰隙","8","15513","24495.833","0.595","13","8","10","20","终波静态负担偏低；有新要素"
"27","第 2-7 关 · 风雪回廊","8","17327","28069.404","1","13","6","11","17","保留基线，统一复测"
"28","第 2-8 关 · 寒冰前哨","8","17306","27482.058","0.781","13","3","7","1","终波静态负担偏低；有新要素"
"29","第 2-9 关 · 雪原突袭","8","15726","24247.951","0.461","13","7","8","12","终波静态负担偏低"
"30","第 2-10 关 · 凛风隘口","8","15947","24628.059","1","13","8","10","16","保留基线，统一复测"
"31","第 2-11 关 · 冰晶矿洞","9","20998","33325.309","1","13","8","11","20","保留基线，统一复测"
"32","第 2-12 关 · 冻土要塞","9","21471","34152.619","0.761","13","8","12","20","终波静态负担偏低"
"33","第 2-13 关 · 冰霜哨所","9","19493","30016.286","0.412","13","3","7","10","终波静态负担偏低"
"34","第 2-14 关 · 雪崩要塞","9","19531","29710.368","0.921","13","6","8","6","有新要素"
"35","第 2-15 关 · 极光冰湖","9","19239","29108.285","0.65","13","8","10","20","终波静态负担偏低；相邻波负担回落>50%"
"36","第 2-16 关 · 寒潮防线","9","20534","32550.963","1","13","7","11","20","保留基线，统一复测"
"37","第 2-17 关 · 冰蚀古道","9","20911","32682.119","0.695","13","12","13","20","终波静态负担偏低"
"38","第 2-18 关 · 暴雪突围","9","19222","28882.286","0.415","13","9","10","20","终波静态负担偏低"
"39","第 2-19 关 · 冰原边缘","9","19300","29302.368","0.896","13","2","3","0","参考解法较少；固定布阵随尺寸失效"
"40","第 2-20 关 · 凛冬裁决官降临","9","19843","30218.415","0.825","13","12","12","20","固定布阵随尺寸失效；章节首领"
"41","第 3-1 关 · 地热气孔","10","23874","36615.727","0.595","13","12","13","20","终波静态负担偏低；有新要素"
"42","第 3-2 关 · 黑曜石径","10","28543","41702.623","0.422","13","1","4","0","终波静态负担偏低"
"43","第 3-3 关 · 熔炉前哨","10","30498","45815.093","1","13","7","8","17","相邻波负担回落>50%"
"44","第 3-4 关 · 烈焰回廊","10","28393","41679.681","0.556","13","7","7","13","终波静态负担偏低"
"45","第 3-5 关 · 火山口下","10","29359","43710.158","1","13","5","7","5","保留基线，统一复测"
"46","第 3-6 关 · 炽热焦土","10","30160","45444.261","0.797","13","5","9","3","终波静态负担偏低；有新要素"
"47","第 3-7 关 · 熔岩巨桥","10","28867","42277.687","0.459","13","6","10","20","终波静态负担偏低；相邻波负担回落>50%"
"48","第 3-8 关 · 自爆工兵","10","30808","44911.264","1","13","10","12","20","有新要素"
"49","第 3-9 关 · 赤炎峡谷","10","31578","44163.593","0.714","13","8","9","18","终波静态负担偏低"
"50","第 3-10 关 · 熔火回廊","10","32278","47459.715","1","13","7","9","14","保留基线，统一复测"
"51","第 3-11 关 · 地核裂隙","11","36874","52704.068","0.438","13","10","11","18","终波静态负担偏低；相邻波负担回落>50%"
"52","第 3-12 关 · 硫磺熔坑","11","38440","56452.789","1","13","1","4","0","保留基线，统一复测"
"53","第 3-13 关 · 烈焰要塞","11","37823","53469.043","0.6","13","5","6","0","终波静态负担偏低；固定布阵随尺寸失效"
"54","第 3-14 关 · 炽晶矿脉","11","39804","57468.152","1","13","4","3","0","参考解法较少；固定布阵随尺寸失效"
"55","第 3-15 关 · 重装装甲","11","39284","56710.074","0.799","13","4","7","6","终波静态负担偏低；固定布阵随尺寸失效"
"56","第 3-16 关 · 地热喷涌","11","37010","53278.413","0.449","13","6","7","2","终波静态负担偏低；相邻波负担回落>50%"
"57","第 3-17 关 · 熔岩狂潮","11","38464","56352.45","1","13","9","9","20","相邻波负担回落>50%"
"58","第 3-18 关 · 焦土荒原","11","37570","52676.084","0.547","13","1","4","0","终波静态负担偏低"
"59","第 3-19 关 · 熔岩裂隙","11","40160","57810.63","1","13","5","5","0","固定布阵随尺寸失效"
"60","第 3-20 关 · 熔火灭世领主降临","9","26436","37854.232","0.9","13","7","7","20","章节首领"
"61","第 4-1 关 · 悬浮废墟","12","35762","48994.043","0.971","13","3","8","7","相邻波负担回落>50%；固定布阵随尺寸失效；有新要素"
"62","第 4-2 关 · 紫金云海","12","36162","47944.981","0.733","13","4","11","18","终波静态负担偏低"
"63","第 4-3 关 · 奥术前哨","12","37045","50120.801","1","13","11","13","20","相邻波负担回落>50%；固定布阵随尺寸失效；有新要素"
"64","第 4-4 关 · 晶体回廊","12","39758","51886.924","0.504","13","3","6","0","终波静态负担偏低；固定布阵随尺寸失效"
"65","第 4-5 关 · 电网要塞","12","38504","49349.458","0.447","13","2","4","0","终波静态负担偏低"
"66","第 4-6 关 · 双路夹击","12","37942","51067.043","1","13","2","4","0","保留基线，统一复测"
"67","第 4-7 关 · 虚空裂隙","12","37758","49206.981","0.716","13","4","8","2","终波静态负担偏低"
"68","第 4-8 关 · 苍穹神殿","12","40316","54052.388","1","13","5","8","8","保留基线，统一复测"
"69","第 4-9 关 · 雷暴回廊","12","39769","51958.924","0.486","13","7","7","12","终波静态负担偏低；相邻波负担回落>50%"
"70","第 4-10 关 · 超导枢纽","12","38802","49746.458","0.462","13","4","6","0","终波静态负担偏低"
"71","第 4-11 关 · 晶石风暴","12","38164","51458.043","1","13","1","6","0","保留基线，统一复测"
"72","第 4-12 关 · 暗影潜行","12","37895","49504.981","0.678","13","2","4","0","终波静态负担偏低"
"73","第 4-13 关 · 极光要塞","12","40161","53611.388","1","13","5","5","0","保留基线，统一复测"
"74","第 4-14 关 · 奥术洪流","12","39632","51668.924","0.511","13","1","3","0","参考解法较少；终波静态负担偏低；固定布阵随尺寸失效"
"75","第 4-15 关 · 虚空前哨","12","38704","49703.458","0.51","13","3","6","0","终波静态负担偏低"
"76","第 4-16 关 · 雷鸣天穹","12","38175","51530.043","1","13","5","6","0","保留基线，统一复测"
"77","第 4-17 关 · 浮空碎石","12","37882","49484.981","0.668","13","6","8","4","终波静态负担偏低"
"78","第 4-18 关 · 雷鸣裂谷","12","40383","54002.388","1","13","3","4","0","保留基线，统一复测"
"79","第 4-19 关 · 超导晶矿","12","39769","51966.924","0.485","13","7","8","10","终波静态负担偏低；相邻波负担回落>50%；固定布阵随尺寸失效"
"80","第 4-20 关 · 虚空大魔导师降临","10","30182","40921.135","1","13","6","6","0","固定布阵随尺寸失效；章节首领"
"81","第 5-1 关 · 教皇卫队","12","47952","66570.552","1","13","0","3","0","参考解法较少；固定布阵随尺寸失效；有新要素"
"82","第 5-2 关 · 黄金圣堂","12","44011","57521.097","0.628","13","8","8","18","终波静态负担偏低"
"83","第 5-3 关 · 帝国神殿","12","46188","61478.751","1","13","4","5","0","保留基线，统一复测"
"84","第 5-4 关 · 双路神卫","12","46644","60715.411","0.894","13","3","4","0","保留基线，统一复测"
"85","第 5-5 关 · 审判要塞","12","46981","62654.682","0.57","13","3","7","1","终波静态负担偏低；固定布阵随尺寸失效"
"86","第 5-6 关 · 王城心腹","12","45200","59782.363","1","13","1","2","0","参考解法较少"
"87","第 5-7 关 · 终焉回廊","12","44863","58964.304","0.672","13","5","7","11","终波静态负担偏低；相邻波负担回落>50%；固定布阵随尺寸失效"
"88","第 5-8 关 · 圣光禁区","12","47542","64010.033","1","13","1","4","0","保留基线，统一复测"
"89","第 5-9 关 · 最后防线","12","46700","60681.141","0.603","13","2","5","0","终波静态负担偏低；相邻波负担回落>50%"
"90","第 5-10 关 · 至高神殿","12","45970","59117.723","0.354","13","0","5","0","终波静态负担偏低"
"91","第 5-11 关 · 王城外围","12","44185","57930.225","1","13","6","8","8","保留基线，统一复测"
"92","第 5-12 关 · 大理石阶","12","44645","59030.014","0.794","13","6","8","14","终波静态负担偏低"
"93","第 5-13 关 · 圣殿回廊","12","47250","63478.335","1","13","4","6","0","保留基线，统一复测"
"94","第 5-14 关 · 神圣要塞","12","46763","60616.773","0.726","13","4","8","5","终波静态负担偏低"
"95","第 5-15 关 · 皇家广场","12","47342","61478.638","0.471","13","5","8","14","终波静态负担偏低"
"96","第 5-16 关 · 禁魔要塞","12","45539","60461.504","1","13","5","7","6","保留基线，统一复测"
"97","第 5-17 关 · 圣光回廊","12","44701","58995.747","0.612","13","7","8","20","终波静态负担偏低"
"98","第 5-18 关 · 十字枢纽","12","46450","61920.608","1","13","3","7","3","保留基线，统一复测"
"99","第 5-19 关 · 帝国终审 · 世纪终焉决战","12","48014","62899.474","1","13","5","8","12","固定布阵随尺寸失效；章节首领"